{
  "generated_by": {
    "program": "augur",
    "version": "13.1.0"
  },
  "models": {
    "country": {
      "alphabet": [
        "Australia",
        "Mexico",
        "USA",
        "?"
      ],
      "equilibrium_probabilities": [
        0.3769616132733705,
        0.27119004747118464,
        0.3518483392554448
      ],
      "rate": 19.838415042287835,
      "transition_matrix": [
        [
          0.0,
          1.1769167630185666,
          1.6327748936815936
        ],
        [
          1.1769167630185666,
          0.0,
          1.7095927306512504
        ],
        [
          1.6327748936815936,
          1.7095927306512504,
          0.0
        ]
      ]
    },
    "state": {
      "alphabet": [
        "Australia/unknown",
        "Mexico/unknown",
        "USA/unknown",
        "?"
      ],
      "equilibrium_probabilities": [
        0.3769616132733705,
        0.27119004747118464,
        0.3518483392554448
      ],
      "rate": 19.838415042287835,
      "transition_matrix": [
        [
          0.0,
          1.1769167630185666,
          1.6327748936815936
        ],
        [
          1.1769167630185666,
          0.0,
          1.7095927306512504
        ],
        [
          1.6327748936815936,
          1.7095927306512504,
          0.0
        ]
      ]
    }
  },
  "nodes": {
    "DQ080067": {
      "country": "Mexico",
      "country_confidence": {
        "Mexico": 1.0
      },
      "country_entropy": -1.000088900581841e-12,
      "state": "Mexico/unknown",
      "state_confidence": {
        "Mexico/unknown": 1.0
      },
      "state_entropy": -1.000088900581841e-12
    },
    "HM488228": {
      "country": "USA",
      "country_confidence": {
        "USA": 1.0
      },
      "country_entropy": -1.000088900581841e-12,
      "state": "USA/unknown",
      "state_confidence": {
        "USA/unknown": 1.0
      },
      "state_entropy": -1.000088900581841e-12
    },
    "HM756674": {
      "country": "USA",
      "country_confidence": {
        "USA": 0.9999999999999999
      },
      "country_entropy": -9.99866855976916e-13,
      "state": "USA/unknown",
      "state_confidence": {
        "USA/unknown": 0.9999999999999999
      },
      "state_entropy": -9.99866855976916e-13
    },
    "JF957173": {
      "country": "USA",
      "country_confidence": {
        "USA": 1.0
      },
      "country_entropy": -1.000088900581841e-12,
      "state": "USA/unknown",
      "state_confidence": {
        "USA/unknown": 1.0
      },
      "state_entropy": -1.000088900581841e-12
    },
    "KJ145808": {
      "country": "USA",
      "country_confidence": {
        "USA": 1.0
      },
      "country_entropy": -1.000088900581841e-12,
      "state": "USA/unknown",
      "state_confidence": {
        "USA/unknown": 1.0
      },
      "state_entropy": -1.000088900581841e-12
    },
    "KJ501153": {
      "country": "USA",
      "country_confidence": {
        "USA": 1.0
      },
      "country_entropy": -1.000088900581841e-12,
      "state": "USA/unknown",
      "state_confidence": {
        "USA/unknown": 1.0
      },
      "state_entropy": -1.000088900581841e-12
    },
    "KJ501203": {
      "country": "USA",
      "country_confidence": {
        "USA": 0.9999999999999999
      },
      "country_entropy": -9.99866855976916e-13,
      "state": "USA/unknown",
      "state_confidence": {
        "USA/unknown": 0.9999999999999999
      },
      "state_entropy": -9.99866855976916e-13
    },
    "KJ501352": {
      "country": "USA",
      "country_confidence": {
        "USA": 1.0
      },
      "country_entropy": -1.000088900581841e-12,
      "state": "USA/unknown",
      "state_confidence": {
        "USA/unknown": 1.0
      },
      "state_entropy": -1.000088900581841e-12
    },
    "KJ501404": {
      "country": "USA",
      "country_confidence": {
        "USA": 1.0
      },
      "country_entropy": -1.000088900581841e-12,
      "state": "USA/unknown",
      "state_confidence": {
        "USA/unknown": 1.0
      },
      "state_entropy": -1.000088900581841e-12
    },
    "KJ501491": {
      "country": "USA",
      "country_confidence": {
        "USA": 1.0
      },
      "country_entropy": -1.000088900581841e-12,
      "state": "USA/unknown",
      "state_confidence": {
        "USA/unknown": 1.0
      },
      "state_entropy": -1.000088900581841e-12
    },
    "KR348920": {
      "country": "USA",
      "country_confidence": {
        "USA": 1.0
      },
      "country_entropy": -1.000088900581841e-12,
      "state": "USA/unknown",
      "state_confidence": {
        "USA/unknown": 1.0
      },
      "state_entropy": -1.000088900581841e-12
    },
    "KR349002": {
      "country": "USA",
      "country_confidence": {
        "USA": 1.0
      },
      "country_entropy": -1.000088900581841e-12,
      "state": "USA/unknown",
      "state_confidence": {
        "USA/unknown": 1.0
      },
      "state_entropy": -1.000088900581841e-12
    },
    "KX394408": {
      "country": "Australia",
      "country_confidence": {
        "Australia": 1.0
      },
      "country_entropy": -1.000088900581841e-12,
      "state": "Australia/unknown",
      "state_confidence": {
        "Australia/unknown": 1.0
      },
      "state_entropy": -1.000088900581841e-12
    },
    "KX547392": {
      "country": "USA",
      "country_confidence": {
        "USA": 0.9999999999999999
      },
      "country_entropy": -9.99866855976916e-13,
      "state": "USA/unknown",
      "state_confidence": {
        "USA/unknown": 0.9999999999999999
      },
      "state_entropy": -9.99866855976916e-13
    },
    "KX547474": {
      "country": "USA",
      "country_confidence": {
        "USA": 1.0
      },
      "country_entropy": -1.000088900581841e-12,
      "state": "USA/unknown",
      "state_confidence": {
        "USA/unknown": 1.0
      },
      "state_entropy": -1.000088900581841e-12
    },
    "KX547608": {
      "country": "USA",
      "country_confidence": {
        "USA": 1.0
      },
      "country_entropy": -1.000088900581841e-12,
      "state": "USA/unknown",
      "state_confidence": {
        "USA/unknown": 1.0
      },
      "state_entropy": -1.000088900581841e-12
    },
    "KY782121": {
      "country": "USA",
      "country_confidence": {
        "USA": 1.0
      },
      "country_entropy": -1.000088900581841e-12,
      "state": "USA/unknown",
      "state_confidence": {
        "USA/unknown": 1.0
      },
      "state_entropy": -1.000088900581841e-12
    },
    "MH166909": {
      "country": "USA",
      "country_confidence": {
        "USA": 1.0
      },
      "country_entropy": -1.000088900581841e-12,
      "state": "USA/unknown",
      "state_confidence": {
        "USA/unknown": 1.0
      },
      "state_entropy": -1.000088900581841e-12
    },
    "MH507743": {
      "country": "USA",
      "country_confidence": {
        "USA": 1.0
      },
      "country_entropy": -1.000088900581841e-12,
      "state": "USA/unknown",
      "state_confidence": {
        "USA/unknown": 1.0
      },
      "state_entropy": -1.000088900581841e-12
    },
    "MH507913": {
      "country": "USA",
      "country_confidence": {
        "USA": 1.0
      },
      "country_entropy": -1.000088900581841e-12,
      "state": "USA/unknown",
      "state_confidence": {
        "USA/unknown": 1.0
      },
      "state_entropy": -1.000088900581841e-12
    },
    "NODE_0000000": {
      "country": "Australia",
      "country_confidence": {
        "Australia": 0.46423083671934834,
        "Mexico": 0.17899957249295823,
        "USA": 0.35676959078769344
      },
      "country_entropy": 1.0318941729333828,
      "state": "Australia/unknown",
      "state_confidence": {
        "Australia/unknown": 0.46423083671934834,
        "Mexico/unknown": 0.17899957249295823,
        "USA/unknown": 0.35676959078769344
      },
      "state_entropy": 1.0318941729333828
    },
    "NODE_0000001": {
      "country": "USA",