{
  "generated_by": {
    "program": "augur",
    "version": "13.1.0"
  },
  "models": {
    "country": {
      "alphabet": [
        "Germany",
        "Greece",
        "Hungary",
        "Senegal",
        "USA",
        "?"
      ],
      "equilibrium_probabilities": [
        0.18807229372811854,
        0.2061354971508427,
        0.18349640134461864,
        0.1901002330683705,
        0.23219557470804963
      ],
      "rate": 16.36323412682076,
      "transition_matrix": [
        [
          0.0,
          1.504982600301028,
          1.0699586143899693,
          1.0562214959988183,
          1.0363192431318333
        ],
        [
          1.504982600301028,
          0.0,
          1.6226401793992695,
          1.1579013609867002,
          1.3377608675899755
        ],
        [
          1.0699586143899693,
          1.6226401793992695,
          0.0,
          1.0788735643748797,
          1.0976623331674102
        ],
        [
          1.0562214959988183,
          1.1579013609867002,
          1.0788735643748797,
          0.0,
          1.5071922962668705
        ],
        [
          1.0363192431318333,
          1.3377608675899755,
          1.0976623331674102,
          1.5071922962668705,
          0.0
        ]
      ]
    },
    "region": {
      "alphabet": [
        "Africa",
        "Europe",
        "North America",
        "?"
      ],
      "equilibrium_probabilities": [
        0.30464541455636773,
        0.34191306019222617,
        0.35344152525140604
      ],
      "rate": 5.945164535006061,
      "transition_matrix": [
        [
          0.0,
          1.3084700417317883,
          1.6497639260677506
        ],
        [
          1.3084700417317883,
          0.0,
          1.5397212874304664
        ],
        [
          1.6497639260677506,
          1.5397212874304664,
          0.0
        ]
      ]
    },
    "state": {
      "alphabet": [
        "",
        "Germany/unknown",
        "Greece/unknown",
        "Hungary/unknown",
        "USA/unknown",
        "?"
      ],
      "equilibrium_probabilities": [
        0.19010023306781232,
        0.18807229372873413,
        0.20613549714745233,
        0.18349640134508263,
        0.23219557471091867
      ],
      "rate": 16.363233642014663,
      "transition_matrix": [
        [
          0.0,
          1.0562214959994165,
          1.1579013609816342,
          1.0788735643698817,
          1.5071922963167903
        ],
        [
          1.0562214959994165,
          0.0,
          1.5049826003056166,
          1.0699586143944468,
          1.0363192431365789
        ],
        [
          1.1579013609816342,
          1.5049826003056166,
          0.0,
          1.6226401793378395,
          1.3377608675998944
        ],
        [
          1.0788735643698817,
          1.0699586143944468,
          1.6226401793378395,
          0.0,
          1.097662333166939
        ],
        [
          1.5071922963167903,
          1.0363192431365789,
          1.3377608675998944,
          1.097662333166939,
          0.0
        ]
      ]
    }
  },
  "nodes": {
    "KJ501281_USA_2002_1a_bird": {
      "country": "USA",
      "country_confidence": {
        "USA": 0.9999999999999999
      },
      "country_entropy": -9.99866855976916e-13,
      "region": "North America",
      "region_confidence": {
        "North America": 0.9999999999999999
      },
      "region_entropy": -9.99866855976916e-13,
      "state": "USA/unknown",
      "state_confidence": {
        "USA/unknown": 1.0
      },
      "state_entropy": -1.000088900581841e-12
    },
    "KJ501299_USA_2002_1a_bird": {
      "country": "USA",
      "country_confidence": {
        "USA": 1.0
      },
      "country_entropy": -1.000088900581841e-12,
      "region": "North America",
      "region_confidence": {
        "North America": 0.9999999999999999
      },
      "region_entropy": -9.99866855976916e-13,
      "state": "USA/unknown",
      "state_confidence": {
        "USA/unknown": 1.0
      },
      "state_entropy": -1.000088900581841e-12
    },
    "KJ501378_USA_2001_1a_bird": {
      "country": "USA",
      "country_confidence": {
        "USA": 1.0
      },
      "country_entropy": -1.000088900581841e-12,
      "region": "North America",
      "region_confidence": {
        "North America": 1.0
      },
      "region_entropy": -1.000088900581841e-12,
      "state": "USA/unknown",
      "state_confidence": {
        "USA/unknown": 0.9999999999999999
      },
      "state_entropy": -9.99866855976916e-13
    },
    "KJ501509_USA_2001_1a_bird": {
      "country": "USA",
      "country_confidence": {
        "USA": 1.0
      },
      "country_entropy": -1.000088900581841e-12,
      "region": "North America",
      "region_confidence": {
        "North America": 1.0
      },
      "region_entropy": -1.000088900581841e-12,
      "state": "USA/unknown",
      "state_confidence": {
        "USA/unknown": 1.0
      },
      "state_entropy": -1.000088900581841e-12
    },
    "KJ577738_Greece_2013_2_human": {
      "country": "Greece",
      "country_confidence": {
        "Greece": 1.0
      },
      "country_entropy": -1.000088900581841e-12,
      "region": "Europe",
      "region_confidence": {
        "Europe": 1.0
      },
      "region_entropy": -1.000088900581841e-12,
      "state": "Greece/unknown",
      "state_confidence": {
        "Greece/unknown": 1.0
      },
      "state_entropy": -1.000088900581841e-12
    },
    "KT359349_Hungary_2014_2_human": {
      "country": "Hungary",
      "country_confidence": {
        "Hungary": 1.0
      },
      "country_entropy": -1.000088900581841e-12,
      "region": "Europe",
      "region_confidence": {
        "Europe": 1.0
      },
      "region_entropy": -1.000088900581841e-12,
      "state": "Hungary/unknown",
      "state_confidence": {
        "Hungary/unknown": 1.0
      },
      "state_entropy": -1.000088900581841e-12
    },
    "KX547556_USA_2012_1a_mosquito": {
      "country": "USA",
      "country_confidence": {
        "USA": 1.0
      },
      "country_entropy": -1.000088900581841e-12,
      "region": "North America",
      "region_confidence": {
        "North America": 1.0
      },
      "region_entropy": -1.000088900581841e-12,
      "state": "USA/unknown",
      "state_confidence": {
        "USA/unknown": 1.0
      },
      "state_entropy": -1.000088900581841e-12
    },
    "KX547597_USA_2004_1a_bird": {
      "country": "USA",
      "country_confidence": {
        "USA": 1.0
      },
      "country_entropy": -1.000088900581841e-12,
      "region": "North America",
      "region_confidence": {
        "North America": 0.9999999999999999
      },
      "region_entropy": -9.99866855976916e-13,
      "state": "USA/unknown",
      "state_confidence": {
        "USA/unknown": 1.0
      },
      "state_entropy": -1.000088900581841e-12
    },
    "KY703856_Senegal_1992_8_mosquito": {
      "country": "Senegal",
      "country_confidence": {
        "Senegal": 1.0
      },
      "country_entropy": -1.000088900581841e-12,
      "region": "Africa",
      "region_confidence": {
        "Africa": 1.0
      },
      "region_entropy": -1.000088900581841e-12,
      "state": "",
      "state_confidence": {
        "": 1.0
      },
      "state_entropy": -1.000088900581841e-12
    },
    "LR743445_Germany_2019_2_bird": {
      "country": "Germany",
      "country_confidence": {
        "Germany": 1.0
      },
      "country_entropy": -1.000088900581841e-12,
      "region": "Europe",
      "region_confidence": {
        "Europe": 1.0
      },
      "region_entropy": -1.000088900581841e-12,
      "state": "Germany/unknown",
      "state_confidence": {
        "Germany/unknown": 1.0
      },
      "state_entropy": -1.000088900581841e-12
    },
    "MN480794_Greece_2018_2_mosquito": {
      "country": "Greece",
      "country_confidence": {
        "Greece": 1.0
      },
      "country_entropy": -1.000088900581841e-12,
      "region": "Europe",